{
    "Logistic Regression (4 Features)": {
        "Accuracy": 0.7077922077922078,
        "Precision": 0.5957446808510638,
        "Recall": 0.5185185185185185,
        "F1 Score": 0.5544554455445545,
        "ROC-AUC": 0.7874074074074074,
        "Confusion Matrix": [
            [
                81,
                19
            ],
            [
                26,
                28
            ]
        ],
        "Classification Report": "              precision    recall  f1-score   support\n\n           0       0.76      0.81      0.78       100\n           1       0.60      0.52      0.55        54\n\n    accuracy                           0.71       154\n   macro avg       0.68      0.66      0.67       154\nweighted avg       0.70      0.71      0.70       154\n"
    },
    "Random Forest (4 Features)": {
        "Accuracy": 0.7532467532467533,
        "Precision": 0.6739130434782609,
        "Recall": 0.5740740740740741,
        "F1 Score": 0.62,
        "ROC-AUC": 0.8169444444444444,
        "Confusion Matrix": [
            [
                85,
                15
            ],
            [
                23,
                31
            ]
        ],
        "Classification Report": "              precision    recall  f1-score   support\n\n           0       0.79      0.85      0.82       100\n           1       0.67      0.57      0.62        54\n\n    accuracy                           0.75       154\n   macro avg       0.73      0.71      0.72       154\nweighted avg       0.75      0.75      0.75       154\n"
    }
}