,Glucose,BMI,BloodPressure,Age,Outcome
Glucose,1.0,0.23104855040238348,0.21893718603179949,0.2669091601369249,0.4927824039150268
BMI,0.23104855040238348,1.0,0.2812565644651024,0.025596911257153274,0.31203833867711117
BloodPressure,0.21893718603179949,0.2812565644651024,1.0,0.32491539143687675,0.16572291308057696
Age,0.2669091601369249,0.025596911257153274,0.32491539143687675,1.0,0.23835598302719757
Outcome,0.4927824039150268,0.31203833867711117,0.16572291308057696,0.23835598302719757,1.0
