feature,q1,q3,iqr,lower_bound,upper_bound,outlier_count,outlier_percent
Glucose,99.75,140.25,40.5,39.0,201.0,0,0.0
BMI,27.5,36.6,9.100000000000001,13.849999999999998,50.25,8,1.0416666666666665
BloodPressure,64.0,80.0,16.0,40.0,104.0,14,1.8229166666666667
Age,24.0,41.0,17.0,-1.5,66.5,9,1.171875
