{
  "RF_baseline_t0.5": {
    "threshold": 0.5,
    "accuracy": 0.7467532467532467,
    "precision": 0.6595744680851063,
    "recall": 0.5740740740740741,
    "f1": 0.6138613861386139,
    "roc_auc": 0.816111111111111,
    "confusion_matrix": [
      [
        84,
        16
      ],
      [
        23,
        31
      ]
    ]
  },
  "RF_tuned_t0.5": {
    "threshold": 0.5,
    "accuracy": 0.7402597402597403,
    "precision": 0.5972222222222222,
    "recall": 0.7962962962962963,
    "f1": 0.6825396825396826,
    "roc_auc": 0.8194444444444444,
    "confusion_matrix": [
      [
        71,
        29
      ],
      [
        11,
        43
      ]
    ]
  },
  "note": "Use reduced4_threshold_analysis.csv for recall/precision tradeoffs at different thresholds."
}