{
  "feature_set": "reduced_4",
  "cv_method": "StratifiedKFold(n_splits=5, shuffle=True, random_state=42)",
  "logistic_regression": {
    "roc_auc_mean": 0.8246121593291404,
    "roc_auc_std": 0.02998155475904816,
    "fold_scores": [
      0.8225925925925925,
      0.8490740740740741,
      0.866111111111111,
      0.8005660377358491,
      0.7847169811320754
    ]
  },
  "random_forest_baseline": {
    "roc_auc_mean": 0.8122798742138364,
    "roc_auc_std": 0.04068220617691326,
    "fold_scores": [
      0.8570370370370372,
      0.8312037037037038,
      0.8325925925925926,
      0.8016981132075471,
      0.738867924528302
    ]
  }
}